nom,prenom,sexe,date_naissance,telephone,email,adresse,ville,code_postal,date_inscription,id_abonnement,id_coach
Nichol,Stanyan,Femme,1977-07-18,7113238089,nstanyan0@toplist.cz,4 Old Shore Alley,Obando,762507,2025-09-04,1,1
Fowler,Weafer,Homme,1994-01-08,2685153691,fweafer1@wufoo.com,80603 Shasta Place,Sadowie,27-580,2026-01-04,2,2
Hal,Plitz,Homme,1964-09-14,5076820604,hplitz2@digg.com,5 Ruskin Alley,Cabangahan,6131,2026-01-22,3,3
Jared,Dannell,Homme,1981-11-26,2145223495,jdannell3@cornell.edu,82 Hanover Center,Sindangsari,,2025-08-11,4,
Stacia,Olsen,Femme,1998-05-19,2489915239,solsen4@mac.com,53 Maple Junction,Parang,9604,2026-05-08,1,5
Garfield,Huleatt,Homme,1968-04-30,6128068916,ghuleatt5@smugmug.com,87112 Grasskamp Point,Minneapolis,55458,2025-12-24,2,6
Alecia,Spellecy,Femme,1985-01-23,1541987159,aspellecy6@zimbio.com,475 Loeprich Street,Birayang,,2026-05-12,3,7
Sayre,Domino,Femme,2002-07-18,2025586201,sdomino7@craigslist.org,266 Lyons Terrace,Pécs,7621,2026-06-07,4,
Lorri,Wiles,Femme,1972-08-10,8652417984,lwiles8@mapquest.com,2239 Bartelt Circle,Knoxville,37914,2025-12-10,1,9
Brade,Longthorn,Homme,1989-12-30,5266687196,blongthorn9@yellowbook.com,1327 Twin Pines Avenue,Mankono,,2025-11-02,2,10
Lorrie,Wimes,Autre,2006-01-22,2268776468,lwimesa@google.co.uk,0 Warner Road,Mont-Laurier,J9L,2026-05-07,3,11
Christie,Stanislaw,Femme,1976-04-16,6314357890,cstanislawb@washingtonpost.com,3 Sutteridge Road,Lucaya,,2026-02-27,4,
Wynny,Godfery,Femme,1993-12-01,3367232454,wgodferyc@forbes.com,20 Westend Crossing,Kota Bharu,15572,2025-11-11,1,1
Abe,Roy,Homme,1963-01-20,2939578173,aroyd@fastcompany.com,2825 Dahle Trail,Vityazevo,353421,2026-06-03,2,2
Alexis,Butterfint,Femme,1980-03-17,4315379509,abutterfinte@domainmarket.com,939 Forest Point,Prachin Buri,31110,2025-07-15,3,3
Christie,Ettels,Homme,1997-06-30,4566377224,cettelsf@washington.edu,6 Ronald Regan Avenue,Midland,L4R,2026-02-10,4,
Lotte,Chislett,Femme,1967-05-26,5134551835,lchislettg@discuz.net,1982 Charing Cross Alley,Abelheira,2530-063,2026-05-30,1,5
Donnell,Denisard,Autre,1984-10-28,2029961937,ddenisardh@umich.edu,66 Kingsford Point,Washington,20036,2025-08-02,2,6
Joshia,Decreuze,Homme,2001-02-14,8095396109,jdecreuzei@globo.com,2 Ridgeway Point,Xihe,,2025-12-04,3,7
Alejandra,Varga,Femme,1971-12-16,9257999398,avargaj@bloglovin.com,586 Village Green Avenue,Tonghong,,2026-02-10,4,
Bertina,Ewestace,Autre,1988-05-05,4392520011,bewestacek@pbs.org,60 Oakridge Lane,Victoria,V9A,2025-11-01,1,9
Bride,Springham,Femme,2005-02-05,7965058528,bspringhaml@jigsy.com,92117 Fallview Court,Nobo,,2026-05-17,2,10
Mirna,Hughf,Femme,1975-11-07,5579346301,mhughfm@ow.ly,6581 Dottie Place,Petawawa,K8H,2025-08-06,3,11
Ardenia,Kerslake,Femme,1992-02-12,4624822591,akerslaken@deliciousdays.com,53 Lighthouse Bay Center,Valvedditturai,71326,2025-07-25,4,
Madalyn,Bedinn,Femme,1962-10-23,7491863100,mbedinno@apple.com,92 Sommers Center,São Paio Merelim,4700-837,2026-05-12,1,1
Elbert,Chue,Homme,1979-10-23,3194986359,echuep@seesaa.net,49836 Roxbury Court,Lyuboml’,,2025-08-11,2,2
Krystle,Fritchly,Femme,1996-12-24,4212381006,kfritchlyq@intel.com,28869 Cardinal Avenue,Sainte-Geneviève-des-Bois,91709 CEDEX,2025-11-17,3,3
Marley,Maddocks,Femme,1966-10-16,5647329206,mmaddocksr@google.cn,9079 Mccormick Point,Petropavlovskaya,366013,2026-01-10,4,
Ariana,Kenderdine,Femme,1983-08-10,7754847922,akenderdines@woothemes.com,488 Rockefeller Plaza,Bol’shaya Setun’,249028,2025-09-01,1,5
Dannye,Vallentin,Femme,2000-02-17,7536902432,dvallentint@instagram.com,6657 New Castle Point,Tougan,,2026-05-22,2,6
Les,Doe,Homme,1970-09-14,8632553368,ldoeu@booking.com,2 Pierstorff Pass,Logovskoye,671633,2025-08-04,3,7
Tim,Whannel,Femme,1987-01-10,4862048866,twhannelv@slideshare.net,4674 Eggendart Way,San Jorge,5117,2026-03-21,4,
Briant,Yarker,Homme,2004-07-04,6197181104,byarkerw@shutterfly.com,29388 Brown Trail,Novalja,53291,2025-08-20,1,9
Ursula,Jiroutek,Femme,1974-09-25,1449926246,ujiroutekx@samsung.com,6 Lerdahl Pass,Mindyak,175320,2025-11-18,2,10
Marigold,Morrant,Femme,1991-12-08,7309950233,mmorranty@yelp.com,0019 Utah Pass,Envigado,055428,2026-04-03,3,11
Jami,McDonald,Femme,1961-09-22,2016421004,jmcdonaldz@tinyurl.com,5 Gale Crossing,Kousa,,2025-10-10,4,
Merrill,Dove,Autre,1978-09-23,2054477703,mdove10@cafepress.com,2325 Arrowood Hill,Birmingham,35215,2025-11-16,1,1
Brook,Bootes,Homme,1995-05-31,6197819993,bbootes11@yahoo.co.jp,06 Dorton Hill,Ichihara,920-2327,2026-05-04,2,2
Agace,Kobelt,Femme,1965-06-02,9471909265,akobelt12@tripadvisor.com,2 Eagan Alley,Sōka,341-0053,2026-05-23,3,3
Emmy,Torrijos,Autre,1982-12-25,8555655956,etorrijos13@parallels.com,6820 Carberry Drive,Bécancour,G9H,2025-10-18,4,
Albrecht,Klainer,Homme,1999-03-24,7817006694,aklainer14@webmd.com,30 Gale Court,Ancasti,4701,2025-12-29,1,5
Tymon,Stemson,Homme,1969-07-26,8437286591,tstemson15@zimbio.com,7 Superior Street,Vila do Bispo,8650-409,2025-12-10,2,6
Moses,Goodbourn,Homme,1986-05-06,8898602217,mgoodbourn16@barnesandnoble.com,6 Hollow Ridge Crossing,Dazhou,,2026-05-29,3,7
Lyndsie,Broad,Femme,2003-01-17,7757514417,lbroad17@studiopress.com,93474 Blaine Court,Pongkor,,2025-09-26,4,
Link,Wilbor,Autre,1973-09-12,1544074756,lwilbor18@samsung.com,71718 Ohio Lane,Shouchun,,2026-05-17,1,9
Vassily,Gidley,Homme,1990-02-05,2505614220,vgidley19@example.com,97311 West Junction,Paucarcolla,,2025-12-27,2,10
Reinwald,Gwilym,Homme,1960-06-29,5961188748,rgwilym1a@dagondesign.com,7 Montana Point,Nacka,131 46,2026-06-27,3,11
Kary,Papaccio,Femme,1977-11-05,1961491312,kpapaccio1b@desdev.cn,72320 Larry Junction,Beishan,,2026-04-24,4,
Wernher,Cadagan,Homme,1994-12-28,3705607853,wcadagan1c@thetimes.co.uk,1839 Killdeer Point,Luchenza,,2025-11-20,1,1
Fran,Grzeszczyk,Homme,1964-09-16,4175260193,fgrzeszczyk1d@google.com,43 Crowley Alley,Wuli,,2026-03-30,2,2
Lanie,Holt,Femme,1981-06-23,8371868670,lholt1e@techcrunch.com,83 Birchwood Center,Ambatolaona,,2026-01-09,3,3
Sollie,Crollman,Homme,1998-10-08,8451594904,scrollman1f@goo.ne.jp,44990 Pine View Park,Jalal-Abad,,2026-05-13,4,
Elene,Panons,Femme,1968-04-07,8485994799,epanons1g@examiner.com,9650 West Junction,Limit,,2025-08-23,1,5
Dahlia,O'Mahoney,Femme,1985-05-10,5827194562,domahoney1h@hibu.com,4423 Thompson Trail,San Carlos de Bariloche,8400,2026-05-19,2,6
Amos,Gilpin,Homme,2002-08-15,9348486520,agilpin1i@bluehost.com,50 Del Mar Parkway,Täby,183 77,2026-03-11,3,7
Natty,McMurrugh,Femme,1972-11-18,7565272263,nmcmurrugh1j@reddit.com,1 Oakridge Avenue,Oued Laou,,2026-01-18,4,
Lusa,Cordrey,Femme,1989-06-23,5427419630,lcordrey1k@reference.com,2992 Weeping Birch Lane,Wuda,,2025-09-02,1,9
Cecelia,MacDowal,Femme,2006-09-21,9909636364,cmacdowal1l@netvibes.com,2 Novick Parkway,Santa Bárbara,,2025-08-20,2,10
Daryn,Edmonstone,Femme,1976-03-25,5692482331,dedmonstone1m@hhs.gov,660 Sheridan Court,Tentúgal,3140-555,2026-03-09,3,11
Kelcy,Cowderay,Femme,1993-10-16,1854349258,kcowderay1n@engadget.com,3 Nancy Crossing,Caobi,,2025-09-28,4,
Nicolas,Henze,Homme,1963-02-10,4788834844,nhenze1o@stumbleupon.com,07136 Crest Line Alley,Xianlin,,2026-06-09,1,1
Gayelord,Fitchett,Homme,1980-03-14,5221147058,gfitchett1p@noaa.gov,65 Luster Park,Kohtla-Järve,,2026-02-12,2,2
Catharine,Annand,Femme,1997-04-10,7309254295,cannand1q@com.com,5389 Merchant Pass,Kamru,,2025-11-21,3,3
Anetta,Marchment,Femme,1967-02-08,2122193546,amarchment1r@vistaprint.com,72 Trailsway Park,Qingduizi,,2025-09-29,4,
Roselin,Purveys,Femme,1984-08-11,4414843964,rpurveys1s@yale.edu,5 Jana Alley,Pensilvania,173069,2025-12-20,1,5
Briney,Kovnot,Femme,2001-06-10,3413958741,bkovnot1t@chron.com,1042 Duke Road,Anchang,,2026-05-25,2,6
Denny,Blaver,Homme,1971-04-28,7084920516,dblaver1u@list-manage.com,215 Grasskamp Terrace,Tharyarwady,,2026-01-05,3,7
Carrissa,Karsh,Femme,1988-07-01,6547056553,ckarsh1v@upenn.edu,77188 Summerview Terrace,Mirebalais,,2026-03-26,4,
Ivor,Keddle,Homme,2005-08-27,2431538462,ikeddle1w@google.co.uk,9 Merry Pass,Naru,,2025-09-14,1,9
Guilbert,Van Hesteren,Homme,1975-12-31,8865512288,gvanhesteren1x@va.gov,46 Canary Road,Nancy,54046 CEDEX,2025-10-11,2,10
Flore,Creak,Femme,1992-11-13,4746628389,fcreak1y@tamu.edu,0 Leroy Parkway,Dijon,21009 CEDEX,2025-12-27,3,11
Sebastien,Gibbings,Homme,1962-08-11,9907304335,sgibbings1z@bloomberg.com,4925 Brentwood Avenue,Tanahedang,,2026-06-29,4,
Cloe,Hallard,Femme,1979-10-15,8518398356,challard20@cmu.edu,475 Buhler Circle,Feondari,,2025-08-06,1,1
Dniren,Chartres,Femme,1996-07-09,5421034324,dchartres21@youtube.com,7661 Summer Ridge Trail,Shamakhi,,2025-11-18,2,2
Dulcea,Hugk,Autre,1966-02-16,1217933383,dhugk22@g.co,5623 Welch Point,Qiryat Yam,,2026-04-26,3,3
Osbert,Matoshin,Homme,1983-12-05,5124196476,omatoshin23@cloudflare.com,1 Warbler Court,Austin,78769,2026-06-27,4,
Adrienne,Morgen,Femme,2000-12-22,2903561841,amorgen24@ucoz.ru,02364 Riverside Parkway,Zamora,49003,2025-10-27,1,5
Koralle,Satchell,Femme,1970-03-02,7278901054,ksatchell25@nature.com,0 Bartelt Street,Zalţan,,2026-05-19,2,6
Joice,Petroff,Femme,1987-04-23,4949791540,jpetroff26@dell.com,04 Ludington Alley,Tanxi,,2025-09-29,3,7
Viviyan,Zouch,Femme,2004-10-31,2094105674,vzouch27@cdc.gov,191 Bluejay Terrace,Rosignol,,2026-07-11,4,
Connie,Kingston,Femme,1974-05-01,6437735266,ckingston28@ft.com,96 Nancy Lane,Huangjiabu,,2026-02-22,1,9
Seth,Gronowe,Homme,1991-02-05,3715430921,sgronowe29@uol.com.br,48 Hallows Trail,Ximafang,,2025-07-22,2,10
Yoshi,Kitchinham,Femme,1961-11-22,8792971107,ykitchinham2a@so-net.ne.jp,894 School Junction,Samuhú,3543,2025-07-17,3,11
Yale,Maylam,Homme,1978-05-06,1468009648,ymaylam2b@smh.com.au,08 Fairview Place,Pouébo,98824,2026-04-30,4,
Constantine,Crickett,Femme,1995-08-04,5046771869,ccrickett2c@digg.com,54466 Continental Lane,New Orleans,70116,2026-04-09,1,1
Lavinie,Hurl,Femme,1965-07-22,4331146550,lhurl2d@4shared.com,0 Surrey Center,Kota Kinabalu,88861,2025-10-14,2,2
Bevon,Lansdale,Homme,1982-03-01,8814953074,blansdale2e@biblegateway.com,95 Bartillon Terrace,Volovets,,2025-09-16,3,3
Larissa,Beaven,Femme,1999-07-26,9952283250,lbeaven2f@hud.gov,26157 Lien Court,Xindai,,2026-01-02,4,
Aurora,McRuvie,Femme,1969-05-26,1706929268,amcruvie2g@themeforest.net,10236 Prentice Place,Lugang,,2025-10-15,1,5
Angus,Dabell,Homme,1986-04-30,2344761937,adabell2h@lycos.com,73439 Dapin Circle,Cawayan,5409,2026-02-17,2,6
Nessa,Rickerd,Femme,2003-11-06,4909504463,nrickerd2i@weebly.com,3978 Eastlawn Alley,Dubá,471 41,2026-04-11,3,7
Huntlee,Strongman,Homme,1973-07-09,5369165049,hstrongman2j@1688.com,4 Westerfield Lane,Cinyawar,,2026-02-03,4,
Briana,Everleigh,Femme,1990-10-27,6783227607,beverleigh2k@amazon.de,13 Bultman Place,El Puente,,2026-01-23,1,9
Porter,Gilley,Homme,1960-08-07,6474095511,pgilley2l@hc360.com,58 Amoth Terrace,Sanshui,,2026-03-26,2,10
Sallee,Rucklesse,Femme,1977-03-10,2632588832,srucklesse2m@quantcast.com,320 Superior Avenue,Mueang Suang,45220,2025-12-18,3,11
Kory,Dalla,Homme,1994-07-20,1467922338,kdalla2n@google.com,54491 Shasta Trail,Capão da Canoa,95555-000,2026-03-27,4,
Giffy,Scoggin,Homme,1964-06-22,4851526118,gscoggin2o@elpais.com,198 Bunker Hill Court,Jugezhuang,,2025-09-28,1,1
Lucita,Sumers,Femme,1981-02-03,9963357008,lsumers2p@shinystat.com,710 Kings Circle,Arzila,3045-356,2025-11-20,2,2
Karoline,Stivers,Femme,1998-03-27,6568313774,kstivers2q@ucoz.com,5512 Packers Pass,Saransk,430910,2025-09-16,3,3
Mercedes,Collough,Femme,1968-05-29,1316565982,mcollough2r@whitehouse.gov,667 Graedel Street,Minapan,9617,2026-05-05,4,
Kimberley,Besemer,Femme,1985-05-07,8438502264,kbesemer2s@constantcontact.com,506 Stang Circle,Kaltungo,,2025-11-24,1,5
Guinevere,Caillou,Femme,2002-05-01,9549864953,gcaillou2t@netvibes.com,390 Kedzie Place,Nong Muang,15170,2026-03-21,2,6
Kahaleel,Fullom,Homme,1972-04-01,4206384352,kfullom2u@tuttocitta.it,9186 Cherokee Lane,Elias Fausto,13350-000,2025-11-13,3,7
Mellisa,Coie,Femme,1989-09-04,9459499707,mcoie2v@examiner.com,2 Knutson Court,Sadek,,2025-11-10,4,
Melisandra,Brownjohn,Femme,2006-10-04,3187304007,mbrownjohn2w@goo.gl,4 4th Way,Orekhovo-Zuyevo,142609,2026-01-25,1,9
Clare,Hinks,Homme,1976-07-18,5665512406,chinks2x@t.co,90872 Maryland Way,Sunne,686 91,2025-12-15,2,10
Kirbee,Naden,Femme,1993-11-27,2092035092,knaden2y@kickstarter.com,7474 Myrtle Avenue,Samut Prakan,10270,2025-07-29,3,11
Edik,Hagley,Homme,1963-05-19,3856871180,ehagley2z@dmoz.org,1815 Northland Hill,Khān Yūnis,,2026-02-01,4,
Kala,Denyakin,Femme,1980-05-29,2689649820,kdenyakin30@squidoo.com,886 Sunnyside Pass,Chigorodó,057418,2026-07-08,1,1
Hyacinthe,Jacqueme,Autre,1997-06-10,7394949784,hjacqueme31@upenn.edu,17 Del Mar Avenue,Şuwayr,,2026-05-19,2,2
Elden,Fitzackerley,Homme,1967-04-30,2291343206,efitzackerley32@npr.org,44 Westport Court,Kopang Satu,,2025-11-04,3,3
Katheryn,Heliet,Femme,1984-11-06,9558988714,kheliet33@goodreads.com,5 Russell Road,Báguanos,,2026-03-30,4,
Sebastiano,Carss,Homme,2001-06-04,9646079495,scarss34@ed.gov,7219 Namekagon Parkway,Lope de Vega,6403,2025-09-10,1,5
Nikaniki,Scarbarrow,Femme,1971-05-30,2461009252,nscarbarrow35@list-manage.com,35308 Debs Place,Malaga,1109,2025-10-13,2,6
Arte,Newing,Homme,1988-07-15,6727882880,anewing36@globo.com,8 Maryland Center,Nusajaya,79503,2025-09-13,3,7
Margaretha,Frankum,Femme,2005-08-02,9934667554,mfrankum37@intel.com,238 Golf View Street,Telbang,6328,2026-06-22,4,
Sutton,Andriuzzi,Homme,1975-12-09,8029861481,sandriuzzi38@hhs.gov,717 Fieldstone Plaza,Longguang,,2025-10-19,1,9
Marian,Coatsworth,Femme,1992-01-10,9546968447,mcoatsworth39@ycombinator.com,9 Bowman Crossing,Tambakbaya,,2025-10-27,2,10
Bourke,Bouch,Homme,1962-09-30,6633510087,bbouch3a@ucoz.com,49759 Coleman Drive,Puerto de Nutrias,,2026-06-12,3,11
Alleen,Jerdon,Femme,1979-12-29,6513008578,ajerdon3b@webmd.com,6162 Crowley Drive,Hénin-Beaumont,62259 CEDEX,2026-05-28,4,
Annissa,Stoakes,Femme,1996-09-09,7527411810,astoakes3c@tiny.cc,991 Bartelt Terrace,Zonghan,,2026-01-28,1,1
Tommy,Shattock,Femme,1966-10-02,3511614309,tshattock3d@amazon.com,906 Gateway Alley,Concepcion,7213,2025-09-30,2,2
Juliet,Sellner,Femme,1983-09-30,6369103125,jsellner3e@indiatimes.com,60 Pepper Wood Center,Weiwangzhuang,,2025-10-23,3,3
Burt,Fettiplace,Homme,2000-01-16,1691457337,bfettiplace3f@reference.com,70 Erie Point,Kladno,539 01,2026-02-19,4,
Cletis,Kesterton,Homme,1970-04-09,4814763293,ckesterton3g@nydailynews.com,366 South Drive,San Salvador,,2025-08-16,1,5
Ailey,Julyan,Femme,1987-02-13,8334099890,ajulyan3h@forbes.com,7102 Warrior Court,Daohe,,2025-12-01,2,6
Floria,Grevel,Femme,2004-08-01,8413573840,fgrevel3i@aboutads.info,0902 Lighthouse Bay Place,Kambar,77210,2025-11-08,3,7
Russell,Mosdell,Homme,1974-02-10,2294624174,rmosdell3j@yahoo.com,3276 Cherokee Parkway,Lawrenceville,30245,2026-01-08,4,
Jade,Rannald,Femme,1991-01-02,4147673079,jrannald3k@smh.com.au,5 Golf Course Point,Jovellanos,,2026-04-07,1,9
Oona,Goutcher,Femme,1961-09-12,7544162808,ogoutcher3l@vimeo.com,093 Eggendart Junction,Shuangzhong,,2025-09-29,2,10
Donelle,Mournian,Femme,1978-08-20,6272770384,dmournian3m@furl.net,138 Eagan Park,Sumberjati,,2025-07-17,3,11
Katee,Dearn,Autre,1995-03-07,7953704674,kdearn3n@unesco.org,617 Bluejay Drive,Del Pilar,5513,2026-06-29,4,
Odell,Chatainier,Autre,1965-04-22,3755737110,ochatainier3o@phpbb.com,3 Center Avenue,San Mariano,3332,2025-11-17,1,1
Jecho,Cowwell,Homme,1982-05-02,8929821251,jcowwell3p@comsenz.com,3 International Parkway,Pervoural’sk,623109,2026-04-25,2,2
Siegfried,Alvar,Homme,1999-03-24,8451887835,salvar3q@cafepress.com,06 La Follette Alley,Andou,,2025-12-21,3,3
Chrissy,Canedo,Femme,1969-07-09,1615879133,ccanedo3r@technorati.com,70 Alpine Trail,Марино,1047,2025-07-22,4,
Shannon,Boate,Femme,1986-01-07,4033175245,sboate3s@usnews.com,7 Pond Place,Fanzhuang,,2026-01-16,1,5
Beaufort,Freake,Homme,2003-07-03,4662130210,bfreake3t@yahoo.co.jp,53 Sundown Park,Mambusao,5807,2025-09-28,2,6
Lammond,Prew,Homme,1973-05-21,9462774588,lprew3u@redcross.org,319 Magdeline Trail,Karuk,,2026-04-26,3,7
Alfi,Magne,Femme,1990-10-01,5936714117,amagne3v@yellowpages.com,34184 Schmedeman Alley,Kampungmasjid,,2025-11-13,4,
Elsy,Bambridge,Femme,1960-11-27,9718572434,ebambridge3w@plala.or.jp,95839 Dapin Drive,Malasila,5507,2026-03-10,1,9
Betty,Domini,Femme,1977-04-07,5808426199,bdomini3x@behance.net,6 Bayside Plaza,Landvetter,438 21,2026-01-11,2,10
Dilan,Tordoff,Autre,1994-02-10,8528475626,dtordoff3y@home.pl,99 Homewood Drive,Esperanza,8513,2025-07-26,3,11
Ola,Muncaster,Autre,1964-01-27,8975632132,omuncaster3z@xrea.com,4 Graedel Terrace,Ustrzyki Dolne,38-700,2025-11-22,4,
Chrisse,Lathwood,Homme,1981-11-18,1582925012,clathwood40@seattletimes.com,97 Esch Park,Itambé,55920-000,2026-01-17,1,1
Shanta,Boneham,Femme,1998-10-26,1374407092,sboneham41@businessinsider.com,6948 Sheridan Terrace,Yantal’,679005,2026-03-05,2,2
Scot,Ellissen,Homme,1968-04-11,6111864353,sellissen42@wikispaces.com,3177 Bluestem Road,Jambuir Timur,,2025-11-22,3,3
Peter,Laetham,Homme,1985-06-15,7756619022,plaetham43@booking.com,55 Rusk Avenue,La Esperanza,40894,2025-12-25,4,
Christalle,Odam,Femme,2002-12-18,9632849434,codam44@narod.ru,9149 Katie Point,Karangora,,2026-05-27,1,5
Malvin,Sydes,Homme,1972-03-10,6986202098,msydes45@merriam-webster.com,1855 Russell Avenue,Gagah,,2026-05-25,2,6
Angie,Oliphand,Homme,1989-10-18,9422885003,aoliphand46@blogs.com,455 Oak Valley Center,Kaligutan,3320,2026-03-02,3,7
Aron,Heinel,Homme,2006-07-07,8647456851,aheinel47@alibaba.com,423 Elmside Lane,Qingshan,,2026-03-19,4,
Gun,Lisle,Homme,1976-03-13,6098850194,glisle48@globo.com,6148 Killdeer Terrace,Osekovo,44317,2026-05-25,1,9
Claribel,Pitceathly,Femme,1993-02-05,4869528483,cpitceathly49@google.com.hk,8 David Lane,Boé,47555 CEDEX,2025-09-01,2,10
Gabie,Bernardotti,Homme,1963-09-09,9877003540,gbernardotti4a@tinyurl.com,34509 Saint Paul Terrace,Sairam,,2026-02-15,3,11
Gabby,Wildsmith,Homme,1980-01-27,4475551312,gwildsmith4b@mashable.com,3 Scoville Alley,Madrid,28050,2025-09-01,4,
Irita,Nelle,Autre,1997-02-13,4768381745,inelle4c@nymag.com,13 Fieldstone Street,Tyazhinskiy,652240,2026-02-16,1,1
Markos,Moakes,Homme,1967-07-19,2147392212,mmoakes4d@va.gov,4137 Emmet Trail,Ryazan’,390507,2026-07-09,2,2
Carmelita,Terney,Femme,1984-01-30,7759327405,cterney4e@twitpic.com,81374 Ludington Lane,San Vicente,11401,2025-12-07,3,3
Grantley,Goalley,Homme,2001-06-13,3376661437,ggoalley4f@sogou.com,210 Esch Trail,Lafayette,70505,2025-09-02,4,
Patience,Beswetherick,Femme,1971-05-04,7682196443,pbeswetherick4g@nba.com,52004 Kinsman Way,Bifeng,,2025-11-05,1,5
Raynor,Wightman,Homme,1988-02-04,1989628014,rwightman4h@sitemeter.com,69 Myrtle Circle,Xikou,,2026-02-26,2,6
Ingelbert,Springham,Homme,2005-09-07,7691973232,ispringham4i@wikipedia.org,20 Kim Circle,Petrokamenskoye,624273,2026-02-14,3,7
Leora,Bradshaw,Femme,1975-05-30,8987703357,lbradshaw4j@zdnet.com,7 Bunting Street,Yinxi,,2025-12-25,4,
Aurore,Hilling,Femme,1992-08-17,6813612141,ahilling4k@mtv.com,0 Havey Street,Bronkhorstspruit,1028,2026-06-10,1,9
Eugene,Woodroofe,Autre,1962-06-13,4656529768,ewoodroofe4l@cnn.com,557 Sauthoff Parkway,Falun,791 26,2025-09-15,2,10
Faber,Elcoat,Homme,1979-12-14,7506808679,felcoat4m@woothemes.com,579 Glendale Alley,Zhaobaoshan,,2026-01-28,3,11
Leticia,Girardetti,Femme,1996-08-31,3186871177,lgirardetti4n@ehow.com,2098 Golf Course Drive,Nova Praha,,2026-04-22,4,
Brandyn,Persicke,Homme,1966-02-10,3408485046,bpersicke4o@skype.com,58540 Mosinee Drive,Nahuo,,2026-05-11,1,1
Camila,Woodland,Femme,1983-08-05,2949006784,cwoodland4p@moonfruit.com,467 Chive Parkway,Illapel,,2025-12-23,2,2
Kliment,Beals,Homme,2000-04-04,7376923398,kbeals4q@blogspot.com,4 Grover Terrace,Kālīganj,1910,2026-05-15,3,3
Alisun,Meth,Femme,1970-07-02,6276124640,ameth4r@netlog.com,93017 Lawn Alley,Paris 02,75075 CEDEX 02,2025-12-15,4,
Thane,Juara,Homme,1987-10-17,9581653883,tjuara4s@kickstarter.com,992 Memorial Place,Yaguaraparo,,2025-11-13,1,5
Giuseppe,Houdmont,Homme,2004-10-28,9935781942,ghoudmont4t@seattletimes.com,39955 Loeprich Avenue,Shouyan,,2026-05-25,2,6
Colleen,Spencock,Femme,1974-11-16,4947864709,cspencock4u@jugem.jp,2 Kings Crossing,Kovel’,,2025-08-19,3,7
Annis,Wilkes,Femme,1991-02-02,7418023027,awilkes4v@wikimedia.org,246 3rd Pass,Chengjiao,,2026-01-22,4,
Colman,Belward,Homme,1961-04-07,6584811652,cbelward4w@zimbio.com,9 Tennyson Circle,Al Qurayn,,2025-10-14,1,9
Shawn,Robinson,Homme,1978-11-18,9106959361,srobinson4x@rambler.ru,710 Straubel Place,Wilmington,28410,2025-10-22,2,10
Wald,Laight,Homme,1995-04-24,8281354916,wlaight4y@wikipedia.org,71 Sheridan Plaza,Puteran Kidul,,2026-03-30,3,11
Kenton,Clubbe,Homme,1965-05-27,7314773052,kclubbe4z@bigcartel.com,4 East Trail,Zhangting,,2026-01-02,4,
Wait,Dugood,Homme,1982-07-16,8649569888,wdugood50@yale.edu,43 Esch Way,Toritama,55125-000,2026-05-02,1,1
Marielle,Lofty,Femme,1999-03-22,2119634516,mlofty51@howstuffworks.com,9878 Russell Pass,Opuwo,,2026-05-08,2,2
Ashbey,Malim,Homme,1969-10-28,4654741397,amalim52@usa.gov,13011 Westend Court,Huangqiao,,2025-08-07,3,3
Fabien,Cudde,Homme,1986-05-24,8533872859,fcudde53@opensource.org,451 Dottie Alley,Uppsala,757 54,2025-08-26,4,
Joyce,Kemell,Femme,2003-04-13,9772993193,jkemell54@163.com,68 Hagan Avenue,Sebegen,,2026-02-24,1,5
Damon,Begbie,Homme,1973-01-30,3489477160,dbegbie55@lulu.com,87062 Vermont Alley,Colombia,,2025-09-08,2,6
Mechelle,Perot,Femme,1990-12-11,3883004713,mperot56@fc2.com,968 Calypso Circle,Sousse,,2026-04-11,3,7
Ethelda,Perrot,Femme,1960-09-30,7861319869,eperrot57@freewebs.com,8 Kings Drive,Apucarana,86800-000,2025-09-02,4,
Scotty,Lufkin,Homme,1977-06-03,9713007549,slufkin58@google.fr,31373 Bowman Way,Anáfi,,2025-08-29,1,9
Mattie,Dandison,Femme,1994-08-24,2131956217,mdandison59@multiply.com,718 Doe Crossing Pass,Pergan,,2026-02-11,2,10
Sybyl,McGilleghole,Femme,1964-09-25,5645769236,smcgilleghole5a@fastcompany.com,30673 Sunbrook Hill,Vargem Grande,65430-000,2026-03-22,3,11
Betti,Fridlington,Femme,1981-07-23,2683155019,bfridlington5b@blogs.com,5420 Esker Drive,Marseille,13937 CEDEX 20,2025-12-22,4,
Teriann,Tolfrey,Femme,1998-12-26,5583907350,ttolfrey5c@nyu.edu,651 Fuller Junction,Sungaibengkal,,2026-02-23,1,1
Claudelle,Hiddsley,Femme,1968-03-04,3526269861,chiddsley5d@dyndns.org,20988 Ludington Hill,Pacaycasa,,2026-04-03,2,2
Tulley,Gallandre,Homme,1985-04-15,2474051375,tgallandre5e@deviantart.com,3787 Elmside Drive,Sanli,,2026-04-28,3,3
Belicia,Mair,Femme,2002-12-20,6662826560,bmair5f@t-online.de,84 Prairie Rose Way,Changpo,,2025-09-16,4,
Lianna,Carrel,Femme,1972-12-26,3597230357,lcarrel5g@de.vu,13 Rockefeller Way,Aghajari,,2026-04-18,1,5
Therese,Margetson,Femme,1989-09-24,3363615222,tmargetson5h@scribd.com,13153 Dayton Lane,Stuttgart,70190,2026-06-27,2,6
Adora,Kew,Femme,2006-01-03,2807508731,akew5i@mozilla.org,7675 Maple Wood Trail,Shupenzë,,2026-06-12,3,7
Ginelle,Bailie,Femme,1976-02-22,7246029345,gbailie5j@wisc.edu,2757 Loftsgordon Drive,Belz,,2025-07-30,4,
